{"cameraMode":{"drawMode":0,"name":"Shaded","section":"Shading Mode"},"sceneLighting":true,"audioPlay":false,"sceneViewState":{"showFog":true,"showMaterialUpdate":false,"showSkybox":true,"showFlares":true,"showImageEffects":true,"showParticleSystems":true},"in2DMode":false,"pivot":{"x":-0.532721757888794,"y":0.7234197854995728,"z":0.011733412742614746},"rotation":{"x":-0.09555321931838989,"y":-0.8098366260528565,"z":0.13759396970272065,"w":-0.562267541885376},"size":1.9504485130310059,"orthographic":false}